{"cameraMode":{"drawMode":0,"name":"Shaded","section":"Shading Mode"},"sceneLighting":false,"audioPlay":false,"sceneViewState":{"m_AlwaysRefresh":false,"showFog":true,"showSkybox":true,"showFlares":true,"showImageEffects":true,"showParticleSystems":true,"showVisualEffectGraphs":true,"m_FxEnabled":true},"in2DMode":false,"pivot":{"x":5.384493350982666,"y":-0.5832968950271606,"z":-0.5165032744407654},"rotation":{"x":0.4321810305118561,"y":-0.017583347856998445,"z":0.008428611792623997,"w":0.9015775918960571},"size":3.138582944869995,"orthographic":true}